[
  {
    "applicationId":"51eae100c2e6b6c222ec0001",
    "name": "Admin",
    "surname": "Strator",
    "email": "admin@gmail.com",
    "album_id": "22222",
    "pesel": "12345678901",
    "phone_number": "124567890",
    "address": "123 Main Street"
  },
  {
    "applicationId":"51eae100c2e6b6c222ec0000",
    "name": "Admin",
    "surname": "Strator",
    "email": "admin2@gmail.com",
    "album_id": "33333",
    "pesel": "98765432109",
    "phone_number": "986543210",
    "address": "456 Elm Street"
  }

]
